{"cameraMode":{"drawMode":0,"name":"Shaded","section":"Shading Mode"},"sceneLighting":false,"audioPlay":false,"sceneViewState":{"showFog":true,"showMaterialUpdate":false,"showSkybox":true,"showFlares":true,"showImageEffects":true,"showParticleSystems":true},"in2DMode":false,"pivot":{"x":10.594091415405274,"y":5.122830867767334,"z":-0.00909113883972168},"rotation":{"x":0.2565799951553345,"y":-0.6392583847045898,"z":0.23975114524364472,"w":0.6841306686401367},"size":52.002140045166019,"orthographic":false}